id,waveId,destination,reviewerRole,device,viewport,sendBy,followUpAt,dueAt,dispatchStatus,messageSubject,messageFile,startUrl,packetPath,submissionTemplatePath,completedSubmissionPath
BETA-HR-001,BETA-WAVE-01,Athens,mobile couple beta reviewer,phone,390x844,2026-05-22,2026-05-24,2026-05-25,prepared-not-sent,[Globe.travel beta] BETA-HR-001 Athens review due 2026-05-25,qa/beta-human-review-dispatch-outbox-all-wave-2026-05-21/beta-hr-001-athens.txt,https://globe-travel-two.vercel.app/chat?q=Plan+a+restful+5-day+Athens+trip+for+a+couple+with+culture%2C+food%2C+and+recovery+time.,qa/beta-human-review-packets-2026-05-21/BETA-HR-001-athens.md,qa/beta-human-review-submissions-2026-05-21/BETA-HR-001-athens.template.json,qa/beta-human-review-submissions-2026-05-21/BETA-HR-001-athens.json
BETA-HR-002,BETA-WAVE-01,Lisbon,desktop friend group beta reviewer,desktop,1440x950,2026-05-22,2026-05-24,2026-05-25,prepared-not-sent,[Globe.travel beta] BETA-HR-002 Lisbon review due 2026-05-25,qa/beta-human-review-dispatch-outbox-all-wave-2026-05-21/beta-hr-002-lisbon.txt,https://globe-travel-two.vercel.app/chat?q=Plan+a+3-day+Lisbon+trip+for+friends+who+want+food%2C+viewpoints%2C+and+nightlife.,qa/beta-human-review-packets-2026-05-21/BETA-HR-002-lisbon.md,qa/beta-human-review-submissions-2026-05-21/BETA-HR-002-lisbon.template.json,qa/beta-human-review-submissions-2026-05-21/BETA-HR-002-lisbon.json
BETA-HR-003,BETA-WAVE-01,Barcelona,mobile friend group beta reviewer,phone,390x844,2026-05-22,2026-05-24,2026-05-25,prepared-not-sent,[Globe.travel beta] BETA-HR-003 Barcelona review due 2026-05-25,qa/beta-human-review-dispatch-outbox-all-wave-2026-05-21/beta-hr-003-barcelona.txt,https://globe-travel-two.vercel.app/chat?q=Plan+a+budget+3-day+Barcelona+beach+and+neighborhood+trip+for+friends.,qa/beta-human-review-packets-2026-05-21/BETA-HR-003-barcelona.md,qa/beta-human-review-submissions-2026-05-21/BETA-HR-003-barcelona.template.json,qa/beta-human-review-submissions-2026-05-21/BETA-HR-003-barcelona.json
BETA-HR-004,BETA-WAVE-01,Paris,desktop couple beta reviewer,desktop,1440x950,2026-05-22,2026-05-24,2026-05-25,prepared-not-sent,[Globe.travel beta] BETA-HR-004 Paris review due 2026-05-25,qa/beta-human-review-dispatch-outbox-all-wave-2026-05-21/beta-hr-004-paris.txt,https://globe-travel-two.vercel.app/chat?q=Plan+a+premium+4-day+Paris+trip+for+a+couple+with+restaurants%2C+art%2C+and+romantic+pacing.,qa/beta-human-review-packets-2026-05-21/BETA-HR-004-paris.md,qa/beta-human-review-submissions-2026-05-21/BETA-HR-004-paris.template.json,qa/beta-human-review-submissions-2026-05-21/BETA-HR-004-paris.json
BETA-HR-005,BETA-WAVE-01,New York,desktop friend group beta reviewer,desktop,1440x950,2026-05-22,2026-05-24,2026-05-25,prepared-not-sent,[Globe.travel beta] BETA-HR-005 New York review due 2026-05-25,qa/beta-human-review-dispatch-outbox-all-wave-2026-05-21/beta-hr-005-new-york.txt,https://globe-travel-two.vercel.app/chat?q=Plan+a+3-day+New+York+trip+for+repeat+visitors+who+want+neighborhoods%2C+food%2C+and+fresh+ideas.,qa/beta-human-review-packets-2026-05-21/BETA-HR-005-new-york.md,qa/beta-human-review-submissions-2026-05-21/BETA-HR-005-new-york.template.json,qa/beta-human-review-submissions-2026-05-21/BETA-HR-005-new-york.json
BETA-HR-006,BETA-WAVE-02,Istanbul,mobile friend group beta reviewer,phone,390x844,2026-05-26,2026-05-26,2026-05-27,prepared-not-sent,[Globe.travel beta] BETA-HR-006 Istanbul review due 2026-05-27,qa/beta-human-review-dispatch-outbox-all-wave-2026-05-21/beta-hr-006-istanbul.txt,https://globe-travel-two.vercel.app/chat?q=Plan+a+4-day+Istanbul+history+and+markets+trip+for+a+small+group.,qa/beta-human-review-packets-2026-05-21/BETA-HR-006-istanbul.md,qa/beta-human-review-submissions-2026-05-21/BETA-HR-006-istanbul.template.json,qa/beta-human-review-submissions-2026-05-21/BETA-HR-006-istanbul.json
BETA-HR-007,BETA-WAVE-02,Seoul,desktop friend group beta reviewer,desktop,1440x950,2026-05-26,2026-05-26,2026-05-27,prepared-not-sent,[Globe.travel beta] BETA-HR-007 Seoul review due 2026-05-27,qa/beta-human-review-dispatch-outbox-all-wave-2026-05-21/beta-hr-007-seoul.txt,https://globe-travel-two.vercel.app/chat?q=Plan+a+5-day+Seoul+food+and+shopping+trip+for+friends.,qa/beta-human-review-packets-2026-05-21/BETA-HR-007-seoul.md,qa/beta-human-review-submissions-2026-05-21/BETA-HR-007-seoul.template.json,qa/beta-human-review-submissions-2026-05-21/BETA-HR-007-seoul.json
BETA-HR-008,BETA-WAVE-02,Bangkok,mobile friend group beta reviewer,phone,390x844,2026-05-26,2026-05-26,2026-05-27,prepared-not-sent,[Globe.travel beta] BETA-HR-008 Bangkok review due 2026-05-27,qa/beta-human-review-dispatch-outbox-all-wave-2026-05-21/beta-hr-008-bangkok.txt,https://globe-travel-two.vercel.app/chat?q=Plan+a+4-day+Bangkok+trip+with+temples%2C+street+food%2C+and+easy+pacing.,qa/beta-human-review-packets-2026-05-21/BETA-HR-008-bangkok.md,qa/beta-human-review-submissions-2026-05-21/BETA-HR-008-bangkok.template.json,qa/beta-human-review-submissions-2026-05-21/BETA-HR-008-bangkok.json
BETA-HR-009,BETA-WAVE-02,Marrakech,desktop couple beta reviewer,desktop,1440x950,2026-05-26,2026-05-26,2026-05-27,prepared-not-sent,[Globe.travel beta] BETA-HR-009 Marrakech review due 2026-05-27,qa/beta-human-review-dispatch-outbox-all-wave-2026-05-21/beta-hr-009-marrakech.txt,https://globe-travel-two.vercel.app/chat?q=Plan+a+3-day+Marrakech+trip+around+markets%2C+riads%2C+food%2C+and+culture.,qa/beta-human-review-packets-2026-05-21/BETA-HR-009-marrakech.md,qa/beta-human-review-submissions-2026-05-21/BETA-HR-009-marrakech.template.json,qa/beta-human-review-submissions-2026-05-21/BETA-HR-009-marrakech.json
BETA-HR-010,BETA-WAVE-02,Cape Town,mobile friend group beta reviewer,phone,390x844,2026-05-26,2026-05-26,2026-05-27,prepared-not-sent,[Globe.travel beta] BETA-HR-010 Cape Town review due 2026-05-27,qa/beta-human-review-dispatch-outbox-all-wave-2026-05-21/beta-hr-010-cape-town.txt,https://globe-travel-two.vercel.app/chat?q=Plan+a+5-day+Cape+Town+outdoors+and+food+trip+for+friends.,qa/beta-human-review-packets-2026-05-21/BETA-HR-010-cape-town.md,qa/beta-human-review-submissions-2026-05-21/BETA-HR-010-cape-town.template.json,qa/beta-human-review-submissions-2026-05-21/BETA-HR-010-cape-town.json
BETA-HR-011,BETA-WAVE-03,Sydney,desktop friend group beta reviewer,desktop,1440x950,2026-05-28,2026-05-28,2026-05-29,prepared-not-sent,[Globe.travel beta] BETA-HR-011 Sydney review due 2026-05-29,qa/beta-human-review-dispatch-outbox-all-wave-2026-05-21/beta-hr-011-sydney.txt,https://globe-travel-two.vercel.app/chat?q=Plan+a+4-day+Sydney+trip+for+beaches%2C+neighborhoods%2C+and+easy+food+stops.,qa/beta-human-review-packets-2026-05-21/BETA-HR-011-sydney.md,qa/beta-human-review-submissions-2026-05-21/BETA-HR-011-sydney.template.json,qa/beta-human-review-submissions-2026-05-21/BETA-HR-011-sydney.json
BETA-HR-012,BETA-WAVE-03,Vancouver,mobile friend group beta reviewer,phone,390x844,2026-05-28,2026-05-28,2026-05-29,prepared-not-sent,[Globe.travel beta] BETA-HR-012 Vancouver review due 2026-05-29,qa/beta-human-review-dispatch-outbox-all-wave-2026-05-21/beta-hr-012-vancouver.txt,https://globe-travel-two.vercel.app/chat?q=Plan+a+3-day+Vancouver+outdoors+and+food+trip+for+a+mixed+group.,qa/beta-human-review-packets-2026-05-21/BETA-HR-012-vancouver.md,qa/beta-human-review-submissions-2026-05-21/BETA-HR-012-vancouver.template.json,qa/beta-human-review-submissions-2026-05-21/BETA-HR-012-vancouver.json
BETA-HR-013,BETA-WAVE-03,Rio de Janeiro,desktop friend group beta reviewer,desktop,1440x950,2026-05-28,2026-05-28,2026-05-29,prepared-not-sent,[Globe.travel beta] BETA-HR-013 Rio de Janeiro review due 2026-05-29,qa/beta-human-review-dispatch-outbox-all-wave-2026-05-21/beta-hr-013-rio-de-janeiro.txt,https://globe-travel-two.vercel.app/chat?q=Plan+a+5-day+Rio+beach+and+nightlife+trip+for+friends.,qa/beta-human-review-packets-2026-05-21/BETA-HR-013-rio-de-janeiro.md,qa/beta-human-review-submissions-2026-05-21/BETA-HR-013-rio-de-janeiro.template.json,qa/beta-human-review-submissions-2026-05-21/BETA-HR-013-rio-de-janeiro.json
BETA-HR-014,BETA-WAVE-03,Reykjavik,mobile couple beta reviewer,phone,390x844,2026-05-28,2026-05-28,2026-05-29,prepared-not-sent,[Globe.travel beta] BETA-HR-014 Reykjavik review due 2026-05-29,qa/beta-human-review-dispatch-outbox-all-wave-2026-05-21/beta-hr-014-reykjavik.txt,https://globe-travel-two.vercel.app/chat?q=Plan+a+4-day+Reykjavik+outdoors+trip+with+weather-safe+pacing.,qa/beta-human-review-packets-2026-05-21/BETA-HR-014-reykjavik.md,qa/beta-human-review-submissions-2026-05-21/BETA-HR-014-reykjavik.template.json,qa/beta-human-review-submissions-2026-05-21/BETA-HR-014-reykjavik.json
BETA-HR-015,BETA-WAVE-03,Crete,desktop family beta reviewer,desktop,1440x950,2026-05-28,2026-05-28,2026-05-29,prepared-not-sent,[Globe.travel beta] BETA-HR-015 Crete review due 2026-05-29,qa/beta-human-review-dispatch-outbox-all-wave-2026-05-21/beta-hr-015-crete.txt,https://globe-travel-two.vercel.app/chat?q=Plan+a+5-day+Crete+family+beach+trip+with+culture+and+relaxed+travel+days.,qa/beta-human-review-packets-2026-05-21/BETA-HR-015-crete.md,qa/beta-human-review-submissions-2026-05-21/BETA-HR-015-crete.template.json,qa/beta-human-review-submissions-2026-05-21/BETA-HR-015-crete.json
BETA-HR-016,BETA-WAVE-04,Singapore,mobile family beta reviewer,phone,390x844,2026-06-01,2026-06-01,2026-06-02,prepared-not-sent,[Globe.travel beta] BETA-HR-016 Singapore review due 2026-06-02,qa/beta-human-review-dispatch-outbox-all-wave-2026-05-21/beta-hr-016-singapore.txt,https://globe-travel-two.vercel.app/chat?q=Plan+a+3-day+Singapore+family+food+trip+with+easy+transit+and+heat-aware+pacing.,qa/beta-human-review-packets-2026-05-21/BETA-HR-016-singapore.md,qa/beta-human-review-submissions-2026-05-21/BETA-HR-016-singapore.template.json,qa/beta-human-review-submissions-2026-05-21/BETA-HR-016-singapore.json
BETA-HR-017,BETA-WAVE-04,Dubai,desktop family beta reviewer,desktop,1440x950,2026-06-01,2026-06-01,2026-06-02,prepared-not-sent,[Globe.travel beta] BETA-HR-017 Dubai review due 2026-06-02,qa/beta-human-review-dispatch-outbox-all-wave-2026-05-21/beta-hr-017-dubai.txt,https://globe-travel-two.vercel.app/chat?q=Plan+a+3-day+luxury+Dubai+family+trip+with+indoor+options+and+clear+logistics.,qa/beta-human-review-packets-2026-05-21/BETA-HR-017-dubai.md,qa/beta-human-review-submissions-2026-05-21/BETA-HR-017-dubai.template.json,qa/beta-human-review-submissions-2026-05-21/BETA-HR-017-dubai.json
BETA-HR-018,BETA-WAVE-04,Madrid and Seville,mobile couple beta reviewer,phone,390x844,2026-06-01,2026-06-01,2026-06-02,prepared-not-sent,[Globe.travel beta] BETA-HR-018 Madrid and Seville review due 2026-06-02,qa/beta-human-review-dispatch-outbox-all-wave-2026-05-21/beta-hr-018-madrid-and-seville.txt,https://globe-travel-two.vercel.app/chat?q=Plan+a+5-day+Madrid+and+Seville+trip+with+food%2C+culture%2C+and+intercity+flow.,qa/beta-human-review-packets-2026-05-21/BETA-HR-018-madrid-and-seville.md,qa/beta-human-review-submissions-2026-05-21/BETA-HR-018-madrid-and-seville.template.json,qa/beta-human-review-submissions-2026-05-21/BETA-HR-018-madrid-and-seville.json
BETA-HR-019,BETA-WAVE-04,Kyoto,desktop solo beta reviewer,desktop,1440x950,2026-06-01,2026-06-01,2026-06-02,prepared-not-sent,[Globe.travel beta] BETA-HR-019 Kyoto review due 2026-06-02,qa/beta-human-review-dispatch-outbox-all-wave-2026-05-21/beta-hr-019-kyoto.txt,https://globe-travel-two.vercel.app/chat?q=Plan+a+3-day+solo+Kyoto+trip+with+temples%2C+food%2C+and+calm+pacing.,qa/beta-human-review-packets-2026-05-21/BETA-HR-019-kyoto.md,qa/beta-human-review-submissions-2026-05-21/BETA-HR-019-kyoto.template.json,qa/beta-human-review-submissions-2026-05-21/BETA-HR-019-kyoto.json
BETA-HR-020,BETA-WAVE-04,Seattle,mobile solo beta reviewer,phone,390x844,2026-06-01,2026-06-01,2026-06-02,prepared-not-sent,[Globe.travel beta] BETA-HR-020 Seattle review due 2026-06-02,qa/beta-human-review-dispatch-outbox-all-wave-2026-05-21/beta-hr-020-seattle.txt,https://globe-travel-two.vercel.app/chat?q=Plan+a+2-day+solo+Seattle+coffee+and+music+trip.,qa/beta-human-review-packets-2026-05-21/BETA-HR-020-seattle.md,qa/beta-human-review-submissions-2026-05-21/BETA-HR-020-seattle.template.json,qa/beta-human-review-submissions-2026-05-21/BETA-HR-020-seattle.json
BETA-HR-021,BETA-WAVE-05,Bali,desktop solo beta reviewer,desktop,1440x950,2026-06-03,2026-06-03,2026-06-04,prepared-not-sent,[Globe.travel beta] BETA-HR-021 Bali review due 2026-06-04,qa/beta-human-review-dispatch-outbox-all-wave-2026-05-21/beta-hr-021-bali.txt,https://globe-travel-two.vercel.app/chat?q=Plan+a+5-day+solo+Bali+reset+trip+with+wellness%2C+food%2C+and+gentle+exploration.,qa/beta-human-review-packets-2026-05-21/BETA-HR-021-bali.md,qa/beta-human-review-submissions-2026-05-21/BETA-HR-021-bali.template.json,qa/beta-human-review-submissions-2026-05-21/BETA-HR-021-bali.json
BETA-HR-022,BETA-WAVE-05,Nairobi,mobile solo beta reviewer,phone,390x844,2026-06-03,2026-06-03,2026-06-04,prepared-not-sent,[Globe.travel beta] BETA-HR-022 Nairobi review due 2026-06-04,qa/beta-human-review-dispatch-outbox-all-wave-2026-05-21/beta-hr-022-nairobi.txt,https://globe-travel-two.vercel.app/chat?q=Plan+a+4-day+solo+Nairobi+culture+and+nature+trip.,qa/beta-human-review-packets-2026-05-21/BETA-HR-022-nairobi.md,qa/beta-human-review-submissions-2026-05-21/BETA-HR-022-nairobi.template.json,qa/beta-human-review-submissions-2026-05-21/BETA-HR-022-nairobi.json
BETA-HR-023,BETA-WAVE-05,Washington DC,desktop family beta reviewer,desktop,1440x950,2026-06-03,2026-06-03,2026-06-04,prepared-not-sent,[Globe.travel beta] BETA-HR-023 Washington DC review due 2026-06-04,qa/beta-human-review-dispatch-outbox-all-wave-2026-05-21/beta-hr-023-washington-dc.txt,https://globe-travel-two.vercel.app/chat?q=Plan+a+3-day+Washington+DC+museums+trip+for+a+family.,qa/beta-human-review-packets-2026-05-21/BETA-HR-023-washington-dc.md,qa/beta-human-review-submissions-2026-05-21/BETA-HR-023-washington-dc.template.json,qa/beta-human-review-submissions-2026-05-21/BETA-HR-023-washington-dc.json
BETA-HR-024,BETA-WAVE-05,Mexico City,mobile friend group beta reviewer,phone,390x844,2026-06-03,2026-06-03,2026-06-04,prepared-not-sent,[Globe.travel beta] BETA-HR-024 Mexico City review due 2026-06-04,qa/beta-human-review-dispatch-outbox-all-wave-2026-05-21/beta-hr-024-mexico-city.txt,https://globe-travel-two.vercel.app/chat?q=Plan+a+4-day+Mexico+City+trip+with+food%2C+museums%2C+and+nightlife.,qa/beta-human-review-packets-2026-05-21/BETA-HR-024-mexico-city.md,qa/beta-human-review-submissions-2026-05-21/BETA-HR-024-mexico-city.template.json,qa/beta-human-review-submissions-2026-05-21/BETA-HR-024-mexico-city.json
BETA-HR-025,BETA-WAVE-05,London,desktop friend group beta reviewer,desktop,1440x950,2026-06-03,2026-06-03,2026-06-04,prepared-not-sent,[Globe.travel beta] BETA-HR-025 London review due 2026-06-04,qa/beta-human-review-dispatch-outbox-all-wave-2026-05-21/beta-hr-025-london.txt,https://globe-travel-two.vercel.app/chat?q=Plan+a+3-day+rain-safe+London+trip+for+friends+with+museums%2C+food%2C+and+flexible+timing.,qa/beta-human-review-packets-2026-05-21/BETA-HR-025-london.md,qa/beta-human-review-submissions-2026-05-21/BETA-HR-025-london.template.json,qa/beta-human-review-submissions-2026-05-21/BETA-HR-025-london.json
